scenario,treatment,baseline,metric,n_pairs,treatment_mean,baseline_mean,mean_delta,bootstrap_ci95_low,bootstrap_ci95_high,wilcoxon_p,paired_cohens_d
burst_30,q_learning,dynamic_budget_q8,joint_sla_rate,10,0.9936,0.9912000000000001,0.002400000000000002,0.0005000000000000004,0.004100000000000004,0.07421875,0.7657841336607306
burst_30,q_learning,dynamic_budget_q8,mean_total_latency_ms,10,4320.339556832225,7016.161626516051,-2695.822069683826,-2724.382707456737,-2663.950022651613,0.001953125,-51.3515744771731
burst_30,q_learning,dynamic_budget_q8,mean_infer_energy_j,10,18.731357466554076,32.9031655815774,-14.171808115023325,-14.317980067812897,-14.004442345788643,0.001953125,-51.31792759634958
burst_30,q_learning,dynamic_budget_q8,mean_rl_reward,10,0.7861992127745292,0.6585691168202021,0.12763009595432726,0.12509634728009428,0.12987326245117015,0.001953125,31.386612784642118
burst_30,q_learning,hysteresis_rule,joint_sla_rate,10,0.9936,0.9642,0.029400000000000027,0.026400000000000024,0.03260000000000003,0.001953125,5.508198399657042
burst_30,q_learning,hysteresis_rule,mean_total_latency_ms,10,4320.339556832225,7515.781079903651,-3195.441523071427,-3246.3467616804214,-3135.004599218238,0.001953125,-33.404103358677986
burst_30,q_learning,hysteresis_rule,mean_infer_energy_j,10,18.731357466554076,35.707728661895416,-16.97637119534134,-17.246200365355683,-16.657055160197572,0.001953125,-33.57073327918367
burst_30,q_learning,hysteresis_rule,mean_rl_reward,10,0.7861992127745292,0.6060100902320644,0.18018912254246494,0.17613838063759785,0.1844657978896636,0.001953125,25.398056333142364
burst_30,q_learning,linucb,joint_sla_rate,10,0.9936,0.9929,0.0007000000000000006,-0.0005000000000000004,0.0018000000000000017,0.275390625,0.34951489928176827
burst_30,q_learning,linucb,mean_total_latency_ms,10,4320.339556832225,4330.2943118305275,-9.954754998302452,-28.178205517403917,8.358904695512125,0.375,-0.31809126905390434
burst_30,q_learning,linucb,mean_infer_energy_j,10,18.731357466554076,18.781258978711044,-0.049901512156964145,-0.14200120920184314,0.04667505234068316,0.375,-0.309044237722528
burst_30,q_learning,linucb,mean_rl_reward,10,0.7861992127745292,0.7849860339329076,0.0012131788416216982,-0.0005032936513354558,0.0028072287525297353,0.232421875,0.4245944785018253
burst_30,q_learning,greedy_sla,joint_sla_rate,10,0.9936,0.9931999999999999,0.00040000000000000034,-0.0009000000000000008,0.0016000000000000014,0.7421875,0.18009006755629925
burst_30,q_learning,greedy_sla,mean_total_latency_ms,10,4320.339556832225,4319.023936130156,1.3156207020693729,-8.373204561448516,10.833741365375454,0.6953125,0.07943089613123899
burst_30,q_learning,greedy_sla,mean_infer_energy_j,10,18.731357466554076,18.724439443344245,0.006918023209832214,-0.04338101838391835,0.05777578978786255,0.6953125,0.07939562145649053
burst_30,q_learning,greedy_sla,mean_rl_reward,10,0.7861992127745292,0.7858617318229737,0.00033748095155569093,-0.0011229667236963333,0.0018536412096901566,0.4921875,0.13045998115559898
burst_40_loss,q_learning,dynamic_budget_q8,joint_sla_rate,10,0.9729999999999999,0.9741,-0.001100000000000001,-0.0029000000000000024,0.0007000000000000006,0.1953125,-0.36244046139731845
burst_40_loss,q_learning,dynamic_budget_q8,mean_total_latency_ms,10,4768.206400749937,7243.003943269355,-2474.7975425194186,-2507.9899015571623,-2436.935502952818,0.001953125,-40.34495384867059
burst_40_loss,q_learning,dynamic_budget_q8,mean_infer_energy_j,10,18.959959325689887,31.96991461219368,-13.009955286503788,-13.18619330797526,-12.809282091557023,0.001953125,-40.44154735280213
burst_40_loss,q_learning,dynamic_budget_q8,mean_rl_reward,10,0.7440496482166836,0.6304003608396305,0.11364928737705324,0.11171510491958324,0.11576364553026043,0.001953125,33.03657808573845
burst_40_loss,q_learning,hysteresis_rule,joint_sla_rate,10,0.9729999999999999,0.9451999999999998,0.027800000000000002,0.02460000000000002,0.03139999999999997,0.001953125,4.8508052147446605
burst_40_loss,q_learning,hysteresis_rule,mean_total_latency_ms,10,4768.206400749937,7583.449778163839,-2815.2433774139017,-2859.151649081924,-2769.438830701285,0.001953125,-36.800611152024324
burst_40_loss,q_learning,hysteresis_rule,mean_infer_energy_j,10,18.959959325689887,33.927641208236686,-14.967681882546794,-15.197778887521615,-14.730652091340877,0.001953125,-37.198792984852204
burst_40_loss,q_learning,hysteresis_rule,mean_rl_reward,10,0.7440496482166836,0.5839119926752013,0.16013765554148235,0.15605889835765824,0.16474581341394132,0.001953125,21.61191275638281
burst_40_loss,q_learning,linucb,joint_sla_rate,10,0.9729999999999999,0.9732000000000001,-0.00020000000000000017,-0.0029000000000000024,0.0027000000000000023,0.91015625,-0.042257712736425826
burst_40_loss,q_learning,linucb,mean_total_latency_ms,10,4768.206400749937,4752.16875093497,16.03764981496488,-10.246261711203152,40.942141367325185,0.322265625,0.3698032436541852
burst_40_loss,q_learning,linucb,mean_infer_energy_j,10,18.959959325689887,18.873876972894315,0.08608235279557555,-0.04825336645647176,0.2147811207573141,0.275390625,0.38381800978526553
burst_40_loss,q_learning,linucb,mean_rl_reward,10,0.7440496482166836,0.7450403499288984,-0.0009907017122147033,-0.004105188656806518,0.002381008448323131,0.556640625,-0.17696553626119543
burst_40_loss,q_learning,greedy_sla,joint_sla_rate,10,0.9729999999999999,0.9778,-0.004800000000000004,-0.007400000000000006,-0.002400000000000002,0.009765625,-1.0992686697944265
burst_40_loss,q_learning,greedy_sla,mean_total_latency_ms,10,4768.206400749937,4723.290391549567,44.91600920036963,30.108512827643434,60.1754558026341,0.001953125,1.7419289522622405
burst_40_loss,q_learning,greedy_sla,mean_infer_energy_j,10,18.959959325689887,18.724439443344245,0.23551988234564653,0.1564864172613605,0.3156117251335881,0.001953125,1.7642410884750843
burst_40_loss,q_learning,greedy_sla,mean_rl_reward,10,0.7440496482166836,0.7510803713363051,-0.007030723119621385,-0.010004578659910416,-0.004318243734186231,0.001953125,-1.4404497167474495
rtt_x1_5,q_learning,dynamic_budget_q8,joint_sla_rate,10,0.9623999999999999,0.9623000000000002,0.00010000000000000009,-0.0007000000000000006,0.0010000000000000009,1.0,0.06900655593423542
rtt_x1_5,q_learning,dynamic_budget_q8,mean_total_latency_ms,10,4479.487234407896,7164.567562122858,-2685.0803277149626,-2715.059783315248,-2651.750838624474,0.001953125,-50.127762227398094
rtt_x1_5,q_learning,dynamic_budget_q8,mean_infer_energy_j,10,18.71283316824901,32.828143638402096,-14.115310470153087,-14.272843816791777,-13.940639917735817,0.001953125,-50.09699456622938
rtt_x1_5,q_learning,dynamic_budget_q8,mean_rl_reward,10,0.7473939335524973,0.6225317618975879,0.12486217165490938,0.12267384840765849,0.12689971362209038,0.001953125,34.82883439718609
rtt_x1_5,q_learning,hysteresis_rule,joint_sla_rate,10,0.9623999999999999,0.9189,0.04349999999999993,0.038999999999999924,0.048099999999999934,0.001953125,5.655235639727571
rtt_x1_5,q_learning,hysteresis_rule,mean_total_latency_ms,10,4479.487234407896,7656.271563829102,-3176.7843294212057,-3228.6408087492305,-3121.1064922747787,0.001953125,-35.0226156228703
rtt_x1_5,q_learning,hysteresis_rule,mean_infer_energy_j,10,18.71283316824901,35.5905678930067,-16.877734724757694,-17.150481188372765,-16.583931311942557,0.001953125,-35.19434398735897
rtt_x1_5,q_learning,hysteresis_rule,mean_rl_reward,10,0.7473939335524973,0.5539659062238191,0.1934280273286782,0.187241833986807,0.1998461301792841,0.001953125,18.168413519934834
rtt_x1_5,q_learning,linucb,joint_sla_rate,10,0.9623999999999999,0.9629,-0.0005000000000000004,-0.0019000000000000017,0.0009000000000000008,1.0,-0.20701966780270628
rtt_x1_5,q_learning,linucb,mean_total_latency_ms,10,4479.487234407896,4492.962974276746,-13.47573986885045,-31.013008615638544,4.032190167117331,0.275390625,-0.4569693713988199
rtt_x1_5,q_learning,linucb,mean_infer_energy_j,10,18.71283316824901,18.781258978711044,-0.06842581046203264,-0.15815129236140132,0.021412589120928305,0.275390625,-0.450527150329569
rtt_x1_5,q_learning,linucb,mean_rl_reward,10,0.7473939335524973,0.7472317356651098,0.00016219788738736085,-0.0019689313445454366,0.002202680790627447,0.845703125,0.04528950765385894
rtt_x1_5,q_learning,greedy_sla,joint_sla_rate,10,0.9623999999999999,0.9634,-0.0010000000000000009,-0.0016000000000000014,-0.00040000000000000034,0.0390625,-0.9486832980505135
rtt_x1_5,q_learning,greedy_sla,mean_total_latency_ms,10,4479.487234407896,4481.692598576375,-2.2053641684785363,-10.431279201002907,6.011974440610111,0.6953125,-0.15524627830635424
rtt_x1_5,q_learning,greedy_sla,mean_infer_energy_j,10,18.71283316824901,18.724439443344245,-0.011606275095236285,-0.055913272472815176,0.03204594449289885,0.6953125,-0.15530967649717842
rtt_x1_5,q_learning,greedy_sla,mean_rl_reward,10,0.7473939335524973,0.748307433555176,-0.0009135000026786466,-0.0017416244023920149,-4.0928435640000024e-05,0.10546875,-0.639507752739597
tight_deadline,q_learning,dynamic_budget_q8,joint_sla_rate,10,0.9565999999999999,0.9536999999999999,0.0029000000000000024,0.0010000000000000009,0.004900000000000004,0.02734375,0.8930713276141683
tight_deadline,q_learning,dynamic_budget_q8,mean_total_latency_ms,10,4320.55935740678,6496.571925341241,-2176.012567934461,-2200.4460034088784,-2142.838133360156,0.001953125,-42.94065486249736
tight_deadline,q_learning,dynamic_budget_q8,mean_infer_energy_j,10,18.732120419061417,30.1701237533979,-11.43800333433648,-11.566653811819391,-11.262011322389084,0.001953125,-42.89372838873783
tight_deadline,q_learning,dynamic_budget_q8,mean_rl_reward,10,0.7036418276634554,0.5737166757844545,0.12992515187900092,0.12722942685359576,0.13252025281925606,0.001953125,28.890964611561113
tight_deadline,q_learning,hysteresis_rule,joint_sla_rate,10,0.9565999999999999,0.9556000000000001,0.0010000000000000009,-0.0010000000000000009,0.0030000000000000027,0.3828125,0.29138575870717925
tight_deadline,q_learning,hysteresis_rule,mean_total_latency_ms,10,4320.55935740678,5471.124701580795,-1150.565344174016,-1165.3982814107828,-1130.439212450517,0.001953125,-37.564822481549626
tight_deadline,q_learning,hysteresis_rule,mean_infer_energy_j,10,18.732120419061417,24.89843190628244,-6.166311487221021,-6.244776369769814,-6.0613882804141825,0.001953125,-38.07157584629766
tight_deadline,q_learning,hysteresis_rule,mean_rl_reward,10,0.7036418276634554,0.6376037828933117,0.06603804477014384,0.06325967014136978,0.06861593265179715,0.001953125,14.365172839303897
tight_deadline,q_learning,linucb,joint_sla_rate,10,0.9565999999999999,0.9571,-0.0005000000000000004,-0.0017000000000000014,0.0008000000000000007,0.46875,-0.23570226039551584
tight_deadline,q_learning,linucb,mean_total_latency_ms,10,4320.55935740678,4330.560414263048,-10.001056856268132,-27.77616230509013,6.8854044990445695,0.322265625,-0.33847309797928155
tight_deadline,q_learning,linucb,mean_infer_energy_j,10,18.732120419061417,18.7826586775061,-0.05053825844468278,-0.1432000160562279,0.03659104528429659,0.322265625,-0.33144017920428537
tight_deadline,q_learning,linucb,mean_rl_reward,10,0.7036418276634554,0.7035411326966848,0.00010069496677057588,-0.0015029705134197654,0.0021089869315704837,0.76953125,0.032095561534614264
tight_deadline,q_learning,greedy_sla,joint_sla_rate,10,0.9565999999999999,0.9578999999999999,-0.0013000000000000012,-0.003300000000000003,0.0008000000000000007,0.30078125,-0.378622932698138
tight_deadline,q_learning,greedy_sla,mean_total_latency_ms,10,4320.55935740678,4319.023936130156,1.5354212766244018,-6.99044554862559,10.125741858251411,0.4921875,0.10386014674576188
tight_deadline,q_learning,greedy_sla,mean_infer_energy_j,10,18.732120419061417,18.724439443344245,0.007680975717173055,-0.037146541144936596,0.05515928434277538,0.4921875,0.09945667989497761
tight_deadline,q_learning,greedy_sla,mean_rl_reward,10,0.7036418276634554,0.7050594290524067,-0.001417601388951395,-0.0033873062355717987,0.000613236815149228,0.232421875,-0.40450077212438995
