device,framework,model,dtype,prompt_id,run_label,batch_size,input_tokens,max_new_tokens,model_load_ms,wall_ms_batch,wall_ms_per_request,output_tokens_batch,output_tokens_per_request,tokens_per_sec_per_request,peak_torch_memory_mb,gpu_mem_used_mb_avg,gpu_mem_used_mb_max,gpu_mem_total_mb_avg,gpu_mem_total_mb_max,power_w_avg,power_w_max,temperature_c_avg,temperature_c_max,gpu_util_pct_avg,gpu_util_pct_max,nvidia_samples
RTX_5060_Ti_8GB,Transformers,C:\Users\Marce\Desktop\thor\test_cprofile_in_1060\Qwen3-0.6B,float16,edge_summary_01,cold_after_load,1,128,16,1698.7110000009125,1797.4090000006981,1797.4090000006981,16,16,8.901702394943936,1465.146484375,3408.0,3418.0,8151.0,8151.0,39.36,42.94,47.0,48.0,26.714285714285715,55.0,7
RTX_5060_Ti_8GB,Transformers,C:\Users\Marce\Desktop\thor\test_cprofile_in_1060\Qwen3-0.6B,float16,edge_summary_01,warm1,1,128,16,1698.7110000009125,1027.7221999986068,1027.7221999986068,16,16,15.568409439848326,1465.146484375,3418.0,3418.0,8151.0,8151.0,45.705,45.73,47.5,48.0,30.0,30.0,4
RTX_5060_Ti_8GB,Transformers,C:\Users\Marce\Desktop\thor\test_cprofile_in_1060\Qwen3-0.6B,float16,edge_summary_04,cold_after_load,1,128,16,1698.7110000009125,1024.6050000005198,1024.6050000005198,16,16,15.615773883586243,1465.146484375,3418.0,3418.0,8151.0,8151.0,45.849999999999994,46.04,47.5,48.0,29.5,32.0,4
RTX_5060_Ti_8GB,Transformers,C:\Users\Marce\Desktop\thor\test_cprofile_in_1060\Qwen3-0.6B,float16,edge_summary_04,warm1,1,128,16,1698.7110000009125,1024.9977000003128,1024.9977000003128,16,16,15.60979112440459,1465.146484375,3418.0,3418.0,8151.0,8151.0,46.305,46.57,47.5,48.0,28.5,31.0,4
RTX_5060_Ti_8GB,Transformers,C:\Users\Marce\Desktop\thor\test_cprofile_in_1060\Qwen3-0.6B,float16,edge_summary_08,cold_after_load,1,128,16,1698.7110000009125,1012.2258999999758,1012.2258999999758,16,16,15.806748276249781,1465.146484375,3418.0,3418.0,8151.0,8151.0,46.47,46.57,48.0,48.0,30.5,31.0,4
RTX_5060_Ti_8GB,Transformers,C:\Users\Marce\Desktop\thor\test_cprofile_in_1060\Qwen3-0.6B,float16,edge_summary_08,warm1,1,128,16,1698.7110000009125,1005.6451000000379,1005.6451000000379,16,16,15.910185412328262,1465.146484375,3418.0,3418.0,8151.0,8151.0,46.495000000000005,47.03,48.0,49.0,29.5,31.0,4
RTX_5060_Ti_8GB,Transformers,C:\Users\Marce\Desktop\thor\test_cprofile_in_1060\Qwen3-0.6B,float16,edge_summary_10,cold_after_load,1,128,16,1698.7110000009125,1025.7039999996778,1025.7039999996778,16,16,15.599042218812667,1465.146484375,3418.0,3418.0,8151.0,8151.0,46.370000000000005,46.53,47.5,48.0,29.0,30.0,4
RTX_5060_Ti_8GB,Transformers,C:\Users\Marce\Desktop\thor\test_cprofile_in_1060\Qwen3-0.6B,float16,edge_summary_10,warm1,1,128,16,1698.7110000009125,1004.5847999990656,1004.5847999990656,16,16,15.926977991320276,1465.146484375,3418.0,3418.0,8151.0,8151.0,46.04,46.3,48.0,49.0,30.0,32.0,4
RTX_5060_Ti_8GB,Transformers,C:\Users\Marce\Desktop\thor\test_cprofile_in_1060\Qwen3-0.6B,float16,edge_summary_01,cold_after_load,1,128,64,1698.7110000009125,3829.972799998359,3829.972799998359,64,64,16.710301441312435,1469.7587890625,3418.6666666666665,3420.0,8151.0,8151.0,46.772666666666666,47.35,48.266666666666666,49.0,30.0,31.0,15
RTX_5060_Ti_8GB,Transformers,C:\Users\Marce\Desktop\thor\test_cprofile_in_1060\Qwen3-0.6B,float16,edge_summary_01,warm1,1,128,64,1698.7110000009125,3923.9297000003717,3923.9297000003717,64,64,16.310180072796395,1469.7587890625,3420.0,3420.0,8151.0,8151.0,46.62466666666667,47.25,48.666666666666664,50.0,30.133333333333333,33.0,15
RTX_5060_Ti_8GB,Transformers,C:\Users\Marce\Desktop\thor\test_cprofile_in_1060\Qwen3-0.6B,float16,edge_summary_04,cold_after_load,1,128,64,1698.7110000009125,3833.252200000061,3833.252200000061,64,64,16.69600554849978,1469.7587890625,3420.0,3420.0,8151.0,8151.0,46.589333333333336,47.45,48.53333333333333,50.0,28.733333333333334,32.0,15
RTX_5060_Ti_8GB,Transformers,C:\Users\Marce\Desktop\thor\test_cprofile_in_1060\Qwen3-0.6B,float16,edge_summary_04,warm1,1,128,64,1698.7110000009125,4539.372199998979,4539.372199998979,64,64,14.09886591806999,1469.7587890625,3420.0,3420.0,8151.0,8151.0,45.38823529411765,47.25,48.35294117647059,49.0,27.470588235294116,32.0,17
RTX_5060_Ti_8GB,Transformers,C:\Users\Marce\Desktop\thor\test_cprofile_in_1060\Qwen3-0.6B,float16,edge_summary_08,cold_after_load,1,128,64,1698.7110000009125,3853.3629000012297,3853.3629000012297,64,64,16.608869099762074,1469.7587890625,3420.0,3420.0,8151.0,8151.0,46.82333333333334,47.37,48.46666666666667,49.0,30.0,33.0,15
RTX_5060_Ti_8GB,Transformers,C:\Users\Marce\Desktop\thor\test_cprofile_in_1060\Qwen3-0.6B,float16,edge_summary_08,warm1,1,128,64,1698.7110000009125,4010.9615000001213,4010.9615000001213,64,64,15.95627382611328,1469.7587890625,3420.0,3420.0,8151.0,8151.0,46.5225,47.38,48.5,49.0,29.5,33.0,16
RTX_5060_Ti_8GB,Transformers,C:\Users\Marce\Desktop\thor\test_cprofile_in_1060\Qwen3-0.6B,float16,edge_summary_10,cold_after_load,1,128,64,1698.7110000009125,3859.752299998945,3859.752299998945,64,64,16.581374923986054,1469.7587890625,3420.0,3420.0,8151.0,8151.0,46.43933333333334,47.45,48.733333333333334,49.0,30.066666666666666,33.0,15
RTX_5060_Ti_8GB,Transformers,C:\Users\Marce\Desktop\thor\test_cprofile_in_1060\Qwen3-0.6B,float16,edge_summary_10,warm1,1,128,64,1698.7110000009125,3889.2267999999603,3889.2267999999603,64,64,16.455712996732576,1469.7587890625,3420.0,3420.0,8151.0,8151.0,47.10933333333333,47.71,48.733333333333334,49.0,30.2,32.0,15
RTX_5060_Ti_8GB,Transformers,C:\Users\Marce\Desktop\thor\test_cprofile_in_1060\Qwen3-0.6B,float16,edge_summary_01,cold_after_load,1,128,128,1698.7110000009125,7647.700499999701,7647.700499999701,128,128,16.73705710625109,1478.279296875,3422.266666666667,3428.0,8151.0,8151.0,47.02466666666667,47.78,48.93333333333333,49.0,29.9,33.0,30
RTX_5060_Ti_8GB,Transformers,C:\Users\Marce\Desktop\thor\test_cprofile_in_1060\Qwen3-0.6B,float16,edge_summary_01,warm1,1,128,128,1698.7110000009125,7960.685899999589,7960.685899999589,128,128,16.079016507862296,1478.279296875,3428.0,3428.0,8151.0,8151.0,46.90451612903226,47.93,49.225806451612904,51.0,29.419354838709676,34.0,31
RTX_5060_Ti_8GB,Transformers,C:\Users\Marce\Desktop\thor\test_cprofile_in_1060\Qwen3-0.6B,float16,edge_summary_04,cold_after_load,1,128,128,1698.7110000009125,7732.633199999327,7732.633199999327,128,128,16.553222775394435,1478.279296875,3428.0,3428.0,8151.0,8151.0,46.956,47.99,49.6,51.0,29.166666666666668,34.0,30
RTX_5060_Ti_8GB,Transformers,C:\Users\Marce\Desktop\thor\test_cprofile_in_1060\Qwen3-0.6B,float16,edge_summary_04,warm1,1,128,128,1698.7110000009125,7638.216999999713,7638.216999999713,128,128,16.757837594821513,1478.279296875,3428.0,3428.0,8151.0,8151.0,47.306333333333335,48.19,49.5,51.0,30.366666666666667,35.0,30
RTX_5060_Ti_8GB,Transformers,C:\Users\Marce\Desktop\thor\test_cprofile_in_1060\Qwen3-0.6B,float16,edge_summary_08,cold_after_load,1,128,128,1698.7110000009125,8879.575700000714,8879.575700000714,128,128,14.415103190120863,1478.279296875,3437.676470588235,3455.0,8151.0,8151.0,43.917058823529416,48.06,48.85294117647059,50.0,24.61764705882353,33.0,34
RTX_5060_Ti_8GB,Transformers,C:\Users\Marce\Desktop\thor\test_cprofile_in_1060\Qwen3-0.6B,float16,edge_summary_08,warm1,1,128,128,1698.7110000009125,7702.442300000257,7702.442300000257,128,128,16.618105662407327,1478.279296875,3427.5333333333333,3431.0,8151.0,8151.0,39.28333333333333,40.26,48.36666666666667,49.0,22.1,24.0,30
RTX_5060_Ti_8GB,Transformers,C:\Users\Marce\Desktop\thor\test_cprofile_in_1060\Qwen3-0.6B,float16,edge_summary_10,cold_after_load,1,128,128,1698.7110000009125,6889.200699999492,6889.200699999492,128,128,18.579804185412893,1478.279296875,3426.0,3426.0,8151.0,8151.0,39.64740740740741,40.6,48.0,48.0,22.14814814814815,26.0,27
RTX_5060_Ti_8GB,Transformers,C:\Users\Marce\Desktop\thor\test_cprofile_in_1060\Qwen3-0.6B,float16,edge_summary_10,warm1,1,128,128,1698.7110000009125,7116.528500000641,7116.528500000641,128,128,17.98629767308435,1478.279296875,3426.0,3426.0,8151.0,8151.0,39.66178571428571,40.54,48.214285714285715,49.0,22.392857142857142,25.0,28
RTX_5060_Ti_8GB,Transformers,C:\Users\Marce\Desktop\thor\test_cprofile_in_1060\Qwen3-0.6B,float16,edge_summary_01,cold_after_load,1,512,16,1698.7110000009125,1008.0632999997761,1008.0632999997761,16,16,15.872019148007427,1560.04443359375,3530.5,3546.0,8151.0,8151.0,42.875,44.65,48.5,49.0,25.0,25.0,4
RTX_5060_Ti_8GB,Transformers,C:\Users\Marce\Desktop\thor\test_cprofile_in_1060\Qwen3-0.6B,float16,edge_summary_01,warm1,1,512,16,1698.7110000009125,1026.495199999772,1026.495199999772,16,16,15.587018818990632,1560.04443359375,3546.0,3546.0,8151.0,8151.0,43.125,43.47,48.0,49.0,16.0,24.0,4
RTX_5060_Ti_8GB,Transformers,C:\Users\Marce\Desktop\thor\test_cprofile_in_1060\Qwen3-0.6B,float16,edge_summary_04,cold_after_load,1,512,16,1698.7110000009125,1011.5996000004088,1011.5996000004088,16,16,15.816534526104531,1560.04443359375,3546.0,3546.0,8151.0,8151.0,42.59,42.9,48.5,49.0,15.5,22.0,4
RTX_5060_Ti_8GB,Transformers,C:\Users\Marce\Desktop\thor\test_cprofile_in_1060\Qwen3-0.6B,float16,edge_summary_04,warm1,1,512,16,1698.7110000009125,1029.5321000012336,1029.5321000012336,16,16,15.5410404396141,1560.04443359375,3546.0,3546.0,8151.0,8151.0,42.61,43.18,49.0,49.0,22.0,23.0,4
RTX_5060_Ti_8GB,Transformers,C:\Users\Marce\Desktop\thor\test_cprofile_in_1060\Qwen3-0.6B,float16,edge_summary_08,cold_after_load,1,512,16,1698.7110000009125,1002.8860000002169,1002.8860000002169,16,16,15.953956880439591,1560.04443359375,3546.0,3546.0,8151.0,8151.0,43.724999999999994,44.15,49.0,49.0,23.5,24.0,4
RTX_5060_Ti_8GB,Transformers,C:\Users\Marce\Desktop\thor\test_cprofile_in_1060\Qwen3-0.6B,float16,edge_summary_08,warm1,1,512,16,1698.7110000009125,1012.8139999997074,1012.8139999997074,16,16,15.797569938808726,1560.04443359375,3546.0,3546.0,8151.0,8151.0,43.655,44.12,49.0,49.0,24.0,25.0,4
RTX_5060_Ti_8GB,Transformers,C:\Users\Marce\Desktop\thor\test_cprofile_in_1060\Qwen3-0.6B,float16,edge_summary_10,cold_after_load,1,512,16,1698.7110000009125,1023.8079000009748,1023.8079000009748,16,16,15.627931763355964,1560.04443359375,3546.0,3546.0,8151.0,8151.0,42.825,43.08,49.0,49.0,22.5,23.0,4
RTX_5060_Ti_8GB,Transformers,C:\Users\Marce\Desktop\thor\test_cprofile_in_1060\Qwen3-0.6B,float16,edge_summary_10,warm1,1,512,16,1698.7110000009125,1019.1352000001643,1019.1352000001643,16,16,15.69958529545189,1560.04443359375,3546.0,3546.0,8151.0,8151.0,42.790000000000006,43.02,49.0,49.0,24.5,25.0,4
RTX_5060_Ti_8GB,Transformers,C:\Users\Marce\Desktop\thor\test_cprofile_in_1060\Qwen3-0.6B,float16,edge_summary_01,cold_after_load,1,512,64,1698.7110000009125,3846.089899998333,3846.089899998333,64,64,16.640276661246983,1560.04443359375,3599.266666666667,3640.0,8151.0,8151.0,41.94533333333333,43.36,48.86666666666667,49.0,24.133333333333333,28.0,15
RTX_5060_Ti_8GB,Transformers,C:\Users\Marce\Desktop\thor\test_cprofile_in_1060\Qwen3-0.6B,float16,edge_summary_01,warm1,1,512,64,1698.7110000009125,3563.147500000923,3563.147500000923,64,64,17.961647672453473,1560.04443359375,3557.0714285714284,3609.0,8151.0,8151.0,39.832857142857144,42.08,48.142857142857146,49.0,18.285714285714285,23.0,14
RTX_5060_Ti_8GB,Transformers,C:\Users\Marce\Desktop\thor\test_cprofile_in_1060\Qwen3-0.6B,float16,edge_summary_04,cold_after_load,1,512,64,1698.7110000009125,3328.215399998953,3328.215399998953,64,64,19.229524627528654,1560.04443359375,3512.923076923077,3524.0,8151.0,8151.0,41.37769230769231,43.63,48.69230769230769,49.0,21.846153846153847,22.0,13
RTX_5060_Ti_8GB,Transformers,C:\Users\Marce\Desktop\thor\test_cprofile_in_1060\Qwen3-0.6B,float16,edge_summary_04,warm1,1,512,64,1698.7110000009125,3561.283799999728,3561.283799999728,64,64,17.971047407118995,1560.04443359375,3511.0,3511.0,8151.0,8151.0,41.80642857142857,43.97,49.57142857142857,54.0,24.214285714285715,43.0,14
RTX_5060_Ti_8GB,Transformers,C:\Users\Marce\Desktop\thor\test_cprofile_in_1060\Qwen3-0.6B,float16,edge_summary_08,cold_after_load,1,512,64,1698.7110000009125,3602.1417000010842,3602.1417000010842,64,64,17.767207769750073,1560.04443359375,3511.0,3511.0,8151.0,8151.0,39.80571428571428,42.94,47.92857142857143,49.0,18.357142857142858,22.0,14
RTX_5060_Ti_8GB,Transformers,C:\Users\Marce\Desktop\thor\test_cprofile_in_1060\Qwen3-0.6B,float16,edge_summary_08,warm1,1,512,64,1698.7110000009125,3631.963600000745,3631.963600000745,64,64,17.621321975800328,1560.04443359375,3511.0,3511.0,8151.0,8151.0,40.730000000000004,42.1,48.857142857142854,49.0,21.714285714285715,22.0,14
RTX_5060_Ti_8GB,Transformers,C:\Users\Marce\Desktop\thor\test_cprofile_in_1060\Qwen3-0.6B,float16,edge_summary_10,cold_after_load,1,512,64,1698.7110000009125,3605.6760999999824,3605.6760999999824,64,64,17.749791779688785,1560.04443359375,3511.0,3511.0,8151.0,8151.0,40.10142857142857,40.55,48.5,49.0,20.928571428571427,24.0,14
RTX_5060_Ti_8GB,Transformers,C:\Users\Marce\Desktop\thor\test_cprofile_in_1060\Qwen3-0.6B,float16,edge_summary_10,warm1,1,512,64,1698.7110000009125,3581.0904999998456,3581.0904999998456,64,64,17.871651107393895,1560.04443359375,3511.0,3511.0,8151.0,8151.0,40.765,42.49,48.642857142857146,49.0,21.714285714285715,25.0,14
RTX_5060_Ti_8GB,Transformers,C:\Users\Marce\Desktop\thor\test_cprofile_in_1060\Qwen3-0.6B,float16,edge_summary_01,cold_after_load,1,512,128,1698.7110000009125,7184.168300000238,7184.168300000238,128,128,17.81695453877323,1560.04443359375,3511.0,3511.0,8151.0,8151.0,40.621428571428574,42.94,48.82142857142857,52.0,22.535714285714285,41.0,28
RTX_5060_Ti_8GB,Transformers,C:\Users\Marce\Desktop\thor\test_cprofile_in_1060\Qwen3-0.6B,float16,edge_summary_01,warm1,1,512,128,1698.7110000009125,7382.197900000392,7382.197900000392,128,128,17.339009565158527,1560.04443359375,3511.0,3511.0,8151.0,8151.0,39.93103448275862,41.67,48.3448275862069,49.0,19.517241379310345,24.0,29
RTX_5060_Ti_8GB,Transformers,C:\Users\Marce\Desktop\thor\test_cprofile_in_1060\Qwen3-0.6B,float16,edge_summary_04,cold_after_load,1,512,128,1698.7110000009125,7111.073200001556,7111.073200001556,128,128,18.000095963007663,1560.04443359375,3511.0,3511.0,8151.0,8151.0,40.49428571428571,42.81,48.464285714285715,49.0,20.75,24.0,28
RTX_5060_Ti_8GB,Transformers,C:\Users\Marce\Desktop\thor\test_cprofile_in_1060\Qwen3-0.6B,float16,edge_summary_04,warm1,1,512,128,1698.7110000009125,7118.641600000046,7118.641600000046,128,128,17.980958614351252,1560.04443359375,3511.0,3511.0,8151.0,8151.0,40.57785714285715,43.22,48.642857142857146,49.0,20.714285714285715,22.0,28
RTX_5060_Ti_8GB,Transformers,C:\Users\Marce\Desktop\thor\test_cprofile_in_1060\Qwen3-0.6B,float16,edge_summary_08,cold_after_load,1,512,128,1698.7110000009125,7206.159999999727,7206.159999999727,128,128,17.76258090300588,1560.04443359375,3511.0,3511.0,8151.0,8151.0,40.44285714285714,41.98,48.785714285714285,49.0,20.964285714285715,22.0,28
RTX_5060_Ti_8GB,Transformers,C:\Users\Marce\Desktop\thor\test_cprofile_in_1060\Qwen3-0.6B,float16,edge_summary_08,warm1,1,512,128,1698.7110000009125,7178.338499999882,7178.338499999882,128,128,17.831424360943988,1560.04443359375,3511.0,3511.0,8151.0,8151.0,40.590357142857144,42.84,48.857142857142854,53.0,22.285714285714285,38.0,28
RTX_5060_Ti_8GB,Transformers,C:\Users\Marce\Desktop\thor\test_cprofile_in_1060\Qwen3-0.6B,float16,edge_summary_10,cold_after_load,1,512,128,1698.7110000009125,7135.295899999619,7135.295899999619,128,128,17.9389897481346,1560.04443359375,3511.0,3511.0,8151.0,8151.0,40.63428571428572,42.24,48.857142857142854,49.0,21.214285714285715,23.0,28
RTX_5060_Ti_8GB,Transformers,C:\Users\Marce\Desktop\thor\test_cprofile_in_1060\Qwen3-0.6B,float16,edge_summary_10,warm1,1,512,128,1698.7110000009125,7122.581900001023,7122.581900001023,128,128,17.97101132666254,1560.04443359375,3511.0,3511.0,8151.0,8151.0,40.30678571428571,40.87,48.892857142857146,49.0,21.071428571428573,23.0,28
RTX_5060_Ti_8GB,Transformers,C:\Users\Marce\Desktop\thor\test_cprofile_in_1060\Qwen3-0.6B,float16,edge_summary_01,cold_after_load,1,1024,16,1698.7110000009125,1004.4850000012957,1004.4850000012957,16,16,15.928560406555958,1752.32177734375,3727.0,3735.0,8151.0,8151.0,47.99,51.1,53.0,57.0,59.0,94.0,4
RTX_5060_Ti_8GB,Transformers,C:\Users\Marce\Desktop\thor\test_cprofile_in_1060\Qwen3-0.6B,float16,edge_summary_01,warm1,1,1024,16,1698.7110000009125,1002.5820999999269,1002.5820999999269,16,16,15.958792801109423,1752.32177734375,3735.0,3735.0,8151.0,8151.0,52.8925,53.83,53.5,58.0,59.75,95.0,4
RTX_5060_Ti_8GB,Transformers,C:\Users\Marce\Desktop\thor\test_cprofile_in_1060\Qwen3-0.6B,float16,edge_summary_04,cold_after_load,1,1024,16,1698.7110000009125,1024.8575000005076,1024.8575000005076,16,16,15.611926536120462,1752.32177734375,3735.0,3735.0,8151.0,8151.0,53.0375,53.83,53.5,58.0,59.5,97.0,4
RTX_5060_Ti_8GB,Transformers,C:\Users\Marce\Desktop\thor\test_cprofile_in_1060\Qwen3-0.6B,float16,edge_summary_04,warm1,1,1024,16,1698.7110000009125,1033.620799998971,1033.620799998971,16,16,15.479564652739116,1752.32177734375,3735.0,3735.0,8151.0,8151.0,51.394999999999996,52.18,53.0,57.0,55.75,91.0,4
RTX_5060_Ti_8GB,Transformers,C:\Users\Marce\Desktop\thor\test_cprofile_in_1060\Qwen3-0.6B,float16,edge_summary_08,cold_after_load,1,1024,16,1698.7110000009125,1045.2279000001,1045.2279000001,16,16,15.307666395049798,1752.32177734375,3735.0,3735.0,8151.0,8151.0,54.5625,56.59,52.0,55.0,39.0,57.0,4
RTX_5060_Ti_8GB,Transformers,C:\Users\Marce\Desktop\thor\test_cprofile_in_1060\Qwen3-0.6B,float16,edge_summary_08,warm1,1,1024,16,1698.7110000009125,1009.8581000002014,1009.8581000002014,16,16,15.84381013530199,1752.32177734375,3735.0,3735.0,8151.0,8151.0,52.5525,53.47,48.75,50.0,18.25,24.0,4
RTX_5060_Ti_8GB,Transformers,C:\Users\Marce\Desktop\thor\test_cprofile_in_1060\Qwen3-0.6B,float16,edge_summary_10,cold_after_load,1,1024,16,1698.7110000009125,998.8217000009172,998.8217000009172,16,16,16.018875040445465,1752.32177734375,3735.0,3735.0,8151.0,8151.0,52.92,53.5,49.0,50.0,14.5,26.0,4
RTX_5060_Ti_8GB,Transformers,C:\Users\Marce\Desktop\thor\test_cprofile_in_1060\Qwen3-0.6B,float16,edge_summary_10,warm1,1,1024,16,1698.7110000009125,996.1303000000044,996.1303000000044,16,16,16.062155724005112,1752.32177734375,3735.0,3735.0,8151.0,8151.0,52.3525,53.5,49.0,50.0,14.0,26.0,4
RTX_5060_Ti_8GB,Transformers,C:\Users\Marce\Desktop\thor\test_cprofile_in_1060\Qwen3-0.6B,float16,edge_summary_01,cold_after_load,1,1024,64,1698.7110000009125,3544.496700000309,3544.496700000309,64,64,18.05616013128025,1752.32177734375,3735.0,3735.0,8151.0,8151.0,48.23857142857143,53.47,49.5,50.0,22.5,26.0,14
RTX_5060_Ti_8GB,Transformers,C:\Users\Marce\Desktop\thor\test_cprofile_in_1060\Qwen3-0.6B,float16,edge_summary_01,warm1,1,1024,64,1698.7110000009125,4368.110800000068,4368.110800000068,64,64,14.651642994037378,1752.32177734375,3735.0,3735.0,8151.0,8151.0,43.46058823529412,52.89,48.88235294117647,50.0,19.88235294117647,24.0,17
RTX_5060_Ti_8GB,Transformers,C:\Users\Marce\Desktop\thor\test_cprofile_in_1060\Qwen3-0.6B,float16,edge_summary_04,cold_after_load,1,1024,64,1698.7110000009125,3585.9870000003866,3585.9870000003866,64,64,17.847248191360734,1752.32177734375,3735.0,3735.0,8151.0,8151.0,44.91142857142857,48.82,50.42857142857143,56.0,31.142857142857142,85.0,14
RTX_5060_Ti_8GB,Transformers,C:\Users\Marce\Desktop\thor\test_cprofile_in_1060\Qwen3-0.6B,float16,edge_summary_04,warm1,1,1024,64,1698.7110000009125,3827.087499999834,3827.087499999834,64,64,16.722899594013143,1752.32177734375,3735.0,3735.0,8151.0,8151.0,44.89333333333333,53.52,49.333333333333336,50.0,21.866666666666667,25.0,15
RTX_5060_Ti_8GB,Transformers,C:\Users\Marce\Desktop\thor\test_cprofile_in_1060\Qwen3-0.6B,float16,edge_summary_08,cold_after_load,1,1024,64,1698.7110000009125,3510.4103999983636,3510.4103999983636,64,64,18.231486552122178,1752.32177734375,3735.0,3735.0,8151.0,8151.0,46.35642857142857,50.85,50.357142857142854,53.0,29.357142857142858,56.0,14
RTX_5060_Ti_8GB,Transformers,C:\Users\Marce\Desktop\thor\test_cprofile_in_1060\Qwen3-0.6B,float16,edge_summary_08,warm1,1,1024,64,1698.7110000009125,3530.2408000006835,3530.2408000006835,64,64,18.129074934488212,1752.32177734375,3735.0,3735.0,8151.0,8151.0,47.23714285714285,53.38,50.57142857142857,54.0,30.357142857142858,66.0,14
RTX_5060_Ti_8GB,Transformers,C:\Users\Marce\Desktop\thor\test_cprofile_in_1060\Qwen3-0.6B,float16,edge_summary_10,cold_after_load,1,1024,64,1698.7110000009125,3603.677699999025,3603.677699999025,64,64,17.75963483083332,1752.32177734375,3735.0,3735.0,8151.0,8151.0,47.065,52.95,51.0,58.0,33.214285714285715,91.0,14
RTX_5060_Ti_8GB,Transformers,C:\Users\Marce\Desktop\thor\test_cprofile_in_1060\Qwen3-0.6B,float16,edge_summary_10,warm1,1,1024,64,1698.7110000009125,3587.3797000003833,3587.3797000003833,64,64,17.84031949558982,1752.32177734375,3848.4285714285716,3883.0,8151.0,8151.0,47.88214285714286,54.41,50.142857142857146,51.0,27.785714285714285,35.0,14
RTX_5060_Ti_8GB,Transformers,C:\Users\Marce\Desktop\thor\test_cprofile_in_1060\Qwen3-0.6B,float16,edge_summary_01,cold_after_load,1,1024,128,1698.7110000009125,7638.932299998487,7638.932299998487,128,128,16.756268412016865,1752.32177734375,3876.1,3933.0,8151.0,8151.0,45.858666666666664,55.85,50.06666666666667,51.0,26.533333333333335,31.0,30
RTX_5060_Ti_8GB,Transformers,C:\Users\Marce\Desktop\thor\test_cprofile_in_1060\Qwen3-0.6B,float16,edge_summary_01,warm1,1,1024,128,1698.7110000009125,7438.065899999856,7438.065899999856,128,128,17.20877466277927,1752.32177734375,3807.206896551724,3886.0,8151.0,8151.0,46.22344827586207,54.29,50.06896551724138,51.0,26.93103448275862,32.0,29
RTX_5060_Ti_8GB,Transformers,C:\Users\Marce\Desktop\thor\test_cprofile_in_1060\Qwen3-0.6B,float16,edge_summary_04,cold_after_load,1,1024,128,1698.7110000009125,7450.824900000953,7450.824900000953,128,128,17.17930587792818,1752.32177734375,3783.0,3783.0,8151.0,8151.0,45.70310344827587,51.92,50.0,51.0,25.275862068965516,31.0,29
RTX_5060_Ti_8GB,Transformers,C:\Users\Marce\Desktop\thor\test_cprofile_in_1060\Qwen3-0.6B,float16,edge_summary_04,warm1,1,1024,128,1698.7110000009125,7323.315499999808,7323.315499999808,128,128,17.47842217094202,1752.32177734375,3783.0,3783.0,8151.0,8151.0,46.45310344827587,54.02,49.93103448275862,51.0,26.482758620689655,31.0,29
RTX_5060_Ti_8GB,Transformers,C:\Users\Marce\Desktop\thor\test_cprofile_in_1060\Qwen3-0.6B,float16,edge_summary_08,cold_after_load,1,1024,128,1698.7110000009125,7405.055000001084,7405.055000001084,128,128,17.285489439306158,1752.32177734375,3783.0,3783.0,8151.0,8151.0,46.265517241379314,53.42,50.206896551724135,53.0,29.862068965517242,79.0,29
RTX_5060_Ti_8GB,Transformers,C:\Users\Marce\Desktop\thor\test_cprofile_in_1060\Qwen3-0.6B,float16,edge_summary_08,warm1,1,1024,128,1698.7110000009125,7939.609499999278,7939.609499999278,128,128,16.121699688128444,1752.32177734375,3783.0,3783.0,8151.0,8151.0,45.38548387096775,54.57,50.12903225806452,52.0,27.387096774193548,62.0,31
RTX_5060_Ti_8GB,Transformers,C:\Users\Marce\Desktop\thor\test_cprofile_in_1060\Qwen3-0.6B,float16,edge_summary_10,cold_after_load,1,1024,128,1698.7110000009125,7380.640800000037,7380.640800000037,128,128,17.342667590597195,1752.32177734375,3783.0,3783.0,8151.0,8151.0,46.490344827586206,56.25,50.10344827586207,51.0,26.517241379310345,30.0,29
RTX_5060_Ti_8GB,Transformers,C:\Users\Marce\Desktop\thor\test_cprofile_in_1060\Qwen3-0.6B,float16,edge_summary_10,warm1,1,1024,128,1698.7110000009125,7391.150800000105,7391.150800000105,128,128,17.318006825134482,1752.32177734375,3783.0,3783.0,8151.0,8151.0,46.32689655172414,54.48,50.206896551724135,51.0,26.275862068965516,29.0,29
RTX_5060_Ti_8GB,Transformers,C:\Users\Marce\Desktop\thor\test_cprofile_in_1060\Qwen3-0.6B,float16,edge_summary_01,cold_after_load,2,128,16,1698.7110000009125,997.2207999999227,498.6103999999614,32,16,32.089182255326484,1488.462890625,3783.0,3783.0,8151.0,8151.0,42.56,44.92,50.0,50.0,15.25,28.0,4
RTX_5060_Ti_8GB,Transformers,C:\Users\Marce\Desktop\thor\test_cprofile_in_1060\Qwen3-0.6B,float16,edge_summary_01,warm1,2,128,16,1698.7110000009125,1045.4019000007975,522.7009500003987,32,16,30.610237077219384,1488.462890625,3783.0,3783.0,8151.0,8151.0,40.6425,40.7,50.25,51.0,23.25,25.0,4
RTX_5060_Ti_8GB,Transformers,C:\Users\Marce\Desktop\thor\test_cprofile_in_1060\Qwen3-0.6B,float16,edge_summary_04,cold_after_load,2,128,16,1698.7110000009125,1049.151900000652,524.575950000326,32,16,30.50082642940466,1488.462890625,3783.0,3783.0,8151.0,8151.0,39.019999999999996,39.29,49.0,50.0,18.0,25.0,4
RTX_5060_Ti_8GB,Transformers,C:\Users\Marce\Desktop\thor\test_cprofile_in_1060\Qwen3-0.6B,float16,edge_summary_04,warm1,2,128,16,1698.7110000009125,1015.642200000002,507.821100000001,32,16,31.50715872184115,1488.462890625,3783.0,3783.0,8151.0,8151.0,38.735,39.21,49.0,50.0,19.5,21.0,4
RTX_5060_Ti_8GB,Transformers,C:\Users\Marce\Desktop\thor\test_cprofile_in_1060\Qwen3-0.6B,float16,edge_summary_08,cold_after_load,2,128,16,1698.7110000009125,1040.8298000002105,520.4149000001053,32,16,30.744700046053186,1488.462890625,3783.0,3783.0,8151.0,8151.0,38.975,39.42,49.5,50.0,24.0,24.0,4
RTX_5060_Ti_8GB,Transformers,C:\Users\Marce\Desktop\thor\test_cprofile_in_1060\Qwen3-0.6B,float16,edge_summary_08,warm1,2,128,16,1698.7110000009125,1012.8886999991664,506.4443499995832,32,16,31.592809752963316,1488.462890625,3783.0,3783.0,8151.0,8151.0,40.17,40.37,49.0,49.0,25.0,27.0,4
RTX_5060_Ti_8GB,Transformers,C:\Users\Marce\Desktop\thor\test_cprofile_in_1060\Qwen3-0.6B,float16,edge_summary_10,cold_after_load,2,128,16,1698.7110000009125,1052.8644999994867,526.4322499997434,32,16,30.39327472814935,1488.462890625,3783.0,3783.0,8151.0,8151.0,39.135000000000005,39.31,49.0,49.0,22.5,23.0,4
RTX_5060_Ti_8GB,Transformers,C:\Users\Marce\Desktop\thor\test_cprofile_in_1060\Qwen3-0.6B,float16,edge_summary_10,warm1,2,128,16,1698.7110000009125,1032.6340999999957,516.3170499999978,32,16,30.988711296673365,1488.462890625,3783.0,3783.0,8151.0,8151.0,38.845,38.85,49.0,49.0,23.0,25.0,4
RTX_5060_Ti_8GB,Transformers,C:\Users\Marce\Desktop\thor\test_cprofile_in_1060\Qwen3-0.6B,float16,edge_summary_01,cold_after_load,2,128,64,1698.7110000009125,3513.406900001428,1756.703450000714,128,64,36.43187471395584,1497.33056640625,3783.0,3783.0,8151.0,8151.0,40.19571428571429,40.99,49.642857142857146,50.0,24.785714285714285,29.0,14
RTX_5060_Ti_8GB,Transformers,C:\Users\Marce\Desktop\thor\test_cprofile_in_1060\Qwen3-0.6B,float16,edge_summary_01,warm1,2,128,64,1698.7110000009125,3819.985199999792,1909.992599999896,128,64,33.507983224648875,1497.33056640625,3783.0,3783.0,8151.0,8151.0,40.472,40.91,49.4,50.0,23.733333333333334,26.0,15
RTX_5060_Ti_8GB,Transformers,C:\Users\Marce\Desktop\thor\test_cprofile_in_1060\Qwen3-0.6B,float16,edge_summary_04,cold_after_load,2,128,64,1698.7110000009125,3572.5503000012395,1786.2751500006198,128,64,35.82874676388897,1497.33056640625,3783.0,3783.0,8151.0,8151.0,39.652857142857144,40.73,49.42857142857143,50.0,20.714285714285715,25.0,14
RTX_5060_Ti_8GB,Transformers,C:\Users\Marce\Desktop\thor\test_cprofile_in_1060\Qwen3-0.6B,float16,edge_summary_04,warm1,2,128,64,1698.7110000009125,3572.572199998831,1786.2860999994155,128,64,35.82852713236751,1497.33056640625,3783.0,3783.0,8151.0,8151.0,40.49714285714286,40.85,49.42857142857143,50.0,23.571428571428573,26.0,14
RTX_5060_Ti_8GB,Transformers,C:\Users\Marce\Desktop\thor\test_cprofile_in_1060\Qwen3-0.6B,float16,edge_summary_08,cold_after_load,2,128,64,1698.7110000009125,3850.293100000272,1925.146550000136,128,64,33.24422236841942,1497.33056640625,3783.0,3783.0,8151.0,8151.0,40.10666666666667,40.59,49.266666666666666,50.0,24.333333333333332,28.0,15
RTX_5060_Ti_8GB,Transformers,C:\Users\Marce\Desktop\thor\test_cprofile_in_1060\Qwen3-0.6B,float16,edge_summary_08,warm1,2,128,64,1698.7110000009125,3589.1326000000845,1794.5663000000422,128,64,35.66321288881804,1497.33056640625,3783.0,3783.0,8151.0,8151.0,39.95285714285715,41.14,49.0,50.0,23.285714285714285,27.0,14
RTX_5060_Ti_8GB,Transformers,C:\Users\Marce\Desktop\thor\test_cprofile_in_1060\Qwen3-0.6B,float16,edge_summary_10,cold_after_load,2,128,64,1698.7110000009125,3590.67800000048,1795.33900000024,128,64,35.647863718212236,1497.33056640625,3783.0,3783.0,8151.0,8151.0,40.24071428571428,40.77,49.142857142857146,50.0,23.714285714285715,26.0,14
RTX_5060_Ti_8GB,Transformers,C:\Users\Marce\Desktop\thor\test_cprofile_in_1060\Qwen3-0.6B,float16,edge_summary_10,warm1,2,128,64,1698.7110000009125,3611.213600001065,1805.6068000005325,128,64,35.445147858316176,1497.33056640625,3783.0,3783.0,8151.0,8151.0,39.792857142857144,41.06,49.214285714285715,50.0,23.357142857142858,27.0,14
RTX_5060_Ti_8GB,Transformers,C:\Users\Marce\Desktop\thor\test_cprofile_in_1060\Qwen3-0.6B,float16,edge_summary_01,cold_after_load,2,128,128,1698.7110000009125,7550.313600000663,3775.1568000003317,256,128,33.90587643935445,1514.84033203125,3783.0,3783.0,8151.0,8151.0,40.250344827586204,41.56,49.206896551724135,50.0,23.586206896551722,27.0,29
RTX_5060_Ti_8GB,Transformers,C:\Users\Marce\Desktop\thor\test_cprofile_in_1060\Qwen3-0.6B,float16,edge_summary_01,warm1,2,128,128,1698.7110000009125,7476.315599998998,3738.157799999499,256,128,34.24146514093577,1514.84033203125,3783.0,3783.0,8151.0,8151.0,40.272068965517235,41.04,49.13793103448276,50.0,22.96551724137931,28.0,29
RTX_5060_Ti_8GB,Transformers,C:\Users\Marce\Desktop\thor\test_cprofile_in_1060\Qwen3-0.6B,float16,edge_summary_04,cold_after_load,2,128,128,1698.7110000009125,7076.949400001467,3538.4747000007337,256,128,36.1737784927425,1514.84033203125,3783.0,3783.0,8151.0,8151.0,40.45428571428572,41.64,49.357142857142854,50.0,24.214285714285715,27.0,28
RTX_5060_Ti_8GB,Transformers,C:\Users\Marce\Desktop\thor\test_cprofile_in_1060\Qwen3-0.6B,float16,edge_summary_04,warm1,2,128,128,1698.7110000009125,7401.738499998828,3700.869249999414,256,128,34.58646911128251,1514.84033203125,3783.0,3783.0,8151.0,8151.0,40.83689655172414,41.88,49.275862068965516,51.0,24.344827586206897,28.0,29
RTX_5060_Ti_8GB,Transformers,C:\Users\Marce\Desktop\thor\test_cprofile_in_1060\Qwen3-0.6B,float16,edge_summary_08,cold_after_load,2,128,128,1698.7110000009125,7401.261599999998,3700.630799999999,256,128,34.588697689053454,1514.84033203125,3783.0,3783.0,8151.0,8151.0,40.31551724137931,41.7,49.03448275862069,50.0,23.448275862068964,27.0,29
RTX_5060_Ti_8GB,Transformers,C:\Users\Marce\Desktop\thor\test_cprofile_in_1060\Qwen3-0.6B,float16,edge_summary_08,warm1,2,128,128,1698.7110000009125,7682.9020000004675,3841.4510000002338,256,128,33.32074260481058,1514.84033203125,3789.733333333333,3834.0,8151.0,8151.0,39.87466666666667,41.08,49.06666666666667,50.0,23.466666666666665,27.0,30
RTX_5060_Ti_8GB,Transformers,C:\Users\Marce\Desktop\thor\test_cprofile_in_1060\Qwen3-0.6B,float16,edge_summary_10,cold_after_load,2,128,128,1698.7110000009125,7157.634099999996,3578.817049999998,256,128,35.766008212126984,1514.84033203125,3795.5,3834.0,8151.0,8151.0,40.51857142857143,41.69,49.07142857142857,50.0,24.071428571428573,27.0,28
RTX_5060_Ti_8GB,Transformers,C:\Users\Marce\Desktop\thor\test_cprofile_in_1060\Qwen3-0.6B,float16,edge_summary_10,warm1,2,128,128,1698.7110000009125,7453.731600000538,3726.865800000269,256,128,34.34521307421125,1514.84033203125,3784.0344827586205,3785.0,8151.0,8151.0,40.37137931034483,41.78,49.03448275862069,50.0,23.862068965517242,28.0,29
RTX_5060_Ti_8GB,Transformers,C:\Users\Marce\Desktop\thor\test_cprofile_in_1060\Qwen3-0.6B,float16,edge_summary_01,cold_after_load,2,512,16,1698.7110000009125,1013.7247999991814,506.8623999995907,32,16,31.56675263348183,1677.31787109375,3784.0,3784.0,8151.0,8151.0,42.61,46.81,49.0,50.0,16.5,27.0,4
RTX_5060_Ti_8GB,Transformers,C:\Users\Marce\Desktop\thor\test_cprofile_in_1060\Qwen3-0.6B,float16,edge_summary_01,warm1,2,512,16,1698.7110000009125,1019.6665999992547,509.83329999962734,32,16,31.382806890039735,1677.31787109375,3784.0,3784.0,8151.0,8151.0,50.05500000000001,50.27,49.5,50.0,23.0,29.0,4
RTX_5060_Ti_8GB,Transformers,C:\Users\Marce\Desktop\thor\test_cprofile_in_1060\Qwen3-0.6B,float16,edge_summary_04,cold_after_load,2,512,16,1698.7110000009125,1028.5253999991255,514.2626999995628,32,16,31.11250339566452,1677.31787109375,3784.0,3784.0,8151.0,8151.0,50.980000000000004,51.42,50.0,50.0,23.5,25.0,4
RTX_5060_Ti_8GB,Transformers,C:\Users\Marce\Desktop\thor\test_cprofile_in_1060\Qwen3-0.6B,float16,edge_summary_04,warm1,2,512,16,1698.7110000009125,1029.078199999276,514.539099999638,32,16,31.09579038796324,1677.31787109375,3784.0,3784.0,8151.0,8151.0,50.18,50.6,50.0,50.0,26.0,26.0,4
RTX_5060_Ti_8GB,Transformers,C:\Users\Marce\Desktop\thor\test_cprofile_in_1060\Qwen3-0.6B,float16,edge_summary_08,cold_after_load,2,512,16,1698.7110000009125,1002.8614000002563,501.4307000001281,32,16,31.90869645595276,1677.31787109375,3784.25,3785.0,8151.0,8151.0,50.54,50.94,50.5,51.0,27.0,30.0,4
RTX_5060_Ti_8GB,Transformers,C:\Users\Marce\Desktop\thor\test_cprofile_in_1060\Qwen3-0.6B,float16,edge_summary_08,warm1,2,512,16,1698.7110000009125,1041.109099998721,520.5545499993605,32,16,30.736452116343344,1677.31787109375,3784.0,3784.0,8151.0,8151.0,50.835,50.99,50.5,51.0,28.0,29.0,4
RTX_5060_Ti_8GB,Transformers,C:\Users\Marce\Desktop\thor\test_cprofile_in_1060\Qwen3-0.6B,float16,edge_summary_10,cold_after_load,2,512,16,1698.7110000009125,1011.0573999991175,505.52869999955874,32,16,31.650032925952505,1677.31787109375,3784.0,3784.0,8151.0,8151.0,51.21,51.68,50.5,51.0,27.0,27.0,4
RTX_5060_Ti_8GB,Transformers,C:\Users\Marce\Desktop\thor\test_cprofile_in_1060\Qwen3-0.6B,float16,edge_summary_10,warm1,2,512,16,1698.7110000009125,1298.8624000008713,649.4312000004356,32,16,24.636943836374456,1677.31787109375,3784.0,3784.0,8151.0,8151.0,49.524,50.22,50.4,51.0,25.2,28.0,5
RTX_5060_Ti_8GB,Transformers,C:\Users\Marce\Desktop\thor\test_cprofile_in_1060\Qwen3-0.6B,float16,edge_summary_01,cold_after_load,2,512,64,1698.7110000009125,3845.8593000013934,1922.9296500006967,128,64,33.28254884414353,1677.31787109375,3784.0666666666666,3785.0,8151.0,8151.0,45.37733333333333,51.45,49.86666666666667,50.0,26.133333333333333,30.0,15
RTX_5060_Ti_8GB,Transformers,C:\Users\Marce\Desktop\thor\test_cprofile_in_1060\Qwen3-0.6B,float16,edge_summary_01,warm1,2,512,64,1698.7110000009125,3590.7012000006944,1795.3506000003472,128,64,35.64763339260177,1677.31787109375,3784.0,3784.0,8151.0,8151.0,45.75571428571429,48.39,50.285714285714285,52.0,30.571428571428573,44.0,14
RTX_5060_Ti_8GB,Transformers,C:\Users\Marce\Desktop\thor\test_cprofile_in_1060\Qwen3-0.6B,float16,edge_summary_04,cold_after_load,2,512,64,1698.7110000009125,3824.2139000012685,1912.1069500006342,128,64,33.470931110824516,1677.31787109375,3784.0666666666666,3785.0,8151.0,8151.0,46.23266666666667,51.04,51.06666666666667,58.0,32.733333333333334,68.0,15
RTX_5060_Ti_8GB,Transformers,C:\Users\Marce\Desktop\thor\test_cprofile_in_1060\Qwen3-0.6B,float16,edge_summary_04,warm1,2,512,64,1698.7110000009125,3805.2255999991758,1902.6127999995879,128,64,33.63795302965158,1677.31787109375,3784.0666666666666,3785.0,8151.0,8151.0,45.132666666666665,49.26,50.13333333333333,51.0,26.133333333333333,28.0,15
RTX_5060_Ti_8GB,Transformers,C:\Users\Marce\Desktop\thor\test_cprofile_in_1060\Qwen3-0.6B,float16,edge_summary_08,cold_after_load,2,512,64,1698.7110000009125,3584.782999998424,1792.391499999212,128,64,35.70648488348005,1677.31787109375,3784.0,3784.0,8151.0,8151.0,46.964285714285715,52.28,50.142857142857146,51.0,28.142857142857142,30.0,14
RTX_5060_Ti_8GB,Transformers,C:\Users\Marce\Desktop\thor\test_cprofile_in_1060\Qwen3-0.6B,float16,edge_summary_08,warm1,2,512,64,1698.7110000009125,3788.329299999532,1894.164649999766,128,64,33.78798141967643,1677.31787109375,3784.0666666666666,3785.0,8151.0,8151.0,46.26533333333334,50.74,50.13333333333333,51.0,27.066666666666666,32.0,15
RTX_5060_Ti_8GB,Transformers,C:\Users\Marce\Desktop\thor\test_cprofile_in_1060\Qwen3-0.6B,float16,edge_summary_10,cold_after_load,2,512,64,1698.7110000009125,3802.3814000007405,1901.1907000003703,128,64,33.6631143840476,1677.31787109375,3784.0666666666666,3785.0,8151.0,8151.0,45.42266666666667,50.16,50.93333333333333,57.0,32.6,62.0,15
RTX_5060_Ti_8GB,Transformers,C:\Users\Marce\Desktop\thor\test_cprofile_in_1060\Qwen3-0.6B,float16,edge_summary_10,warm1,2,512,64,1698.7110000009125,3575.3202000014426,1787.6601000007213,128,64,35.80098923725723,1677.31787109375,3784.0714285714284,3785.0,8151.0,8151.0,45.83857142857143,48.37,50.285714285714285,51.0,27.857142857142858,31.0,14
RTX_5060_Ti_8GB,Transformers,C:\Users\Marce\Desktop\thor\test_cprofile_in_1060\Qwen3-0.6B,float16,edge_summary_01,cold_after_load,2,512,128,1698.7110000009125,7668.25979999885,3834.129899999425,256,128,33.384367076352625,1677.31787109375,3784.0666666666666,3785.0,8151.0,8151.0,45.236999999999995,51.15,50.333333333333336,52.0,27.066666666666666,30.0,30
RTX_5060_Ti_8GB,Transformers,C:\Users\Marce\Desktop\thor\test_cprofile_in_1060\Qwen3-0.6B,float16,edge_summary_01,warm1,2,512,128,1698.7110000009125,7398.353500000667,3699.1767500003334,256,128,34.60229360491857,1677.31787109375,3784.0344827586205,3785.0,8151.0,8151.0,44.88310344827586,49.58,50.03448275862069,51.0,26.24137931034483,31.0,29
RTX_5060_Ti_8GB,Transformers,C:\Users\Marce\Desktop\thor\test_cprofile_in_1060\Qwen3-0.6B,float16,edge_summary_04,cold_after_load,2,512,128,1698.7110000009125,7217.2561999996105,3608.6280999998053,256,128,35.470543501007185,1677.31787109375,3784.035714285714,3785.0,8151.0,8151.0,46.44178571428571,53.57,50.75,56.0,31.392857142857142,81.0,28
RTX_5060_Ti_8GB,Transformers,C:\Users\Marce\Desktop\thor\test_cprofile_in_1060\Qwen3-0.6B,float16,edge_summary_04,warm1,2,512,128,1698.7110000009125,7055.103599999711,3527.5517999998556,256,128,36.285788914568236,1677.31787109375,3784.0,3784.0,8151.0,8151.0,46.18714285714286,51.13,50.785714285714285,51.0,27.857142857142858,30.0,28
RTX_5060_Ti_8GB,Transformers,C:\Users\Marce\Desktop\thor\test_cprofile_in_1060\Qwen3-0.6B,float16,edge_summary_08,cold_after_load,2,512,128,1698.7110000009125,7704.6393000000535,3852.3196500000267,256,128,33.22673392380591,1677.31787109375,3786.4333333333334,3794.0,8151.0,8151.0,45.082,49.14,50.56666666666667,51.0,27.333333333333332,33.0,30
RTX_5060_Ti_8GB,Transformers,C:\Users\Marce\Desktop\thor\test_cprofile_in_1060\Qwen3-0.6B,float16,edge_summary_08,warm1,2,512,128,1698.7110000009125,7390.803599999344,3695.401799999672,256,128,34.637640756686146,1677.31787109375,3784.206896551724,3785.0,8151.0,8151.0,45.86137931034483,49.69,50.758620689655174,53.0,29.620689655172413,62.0,29
RTX_5060_Ti_8GB,Transformers,C:\Users\Marce\Desktop\thor\test_cprofile_in_1060\Qwen3-0.6B,float16,edge_summary_10,cold_after_load,2,512,128,1698.7110000009125,7398.292899999433,3699.1464499997164,256,128,34.602577035037314,1677.31787109375,3784.206896551724,3785.0,8151.0,8151.0,44.92172413793104,48.94,50.48275862068966,51.0,26.344827586206897,31.0,29
RTX_5060_Ti_8GB,Transformers,C:\Users\Marce\Desktop\thor\test_cprofile_in_1060\Qwen3-0.6B,float16,edge_summary_10,warm1,2,512,128,1698.7110000009125,7126.147099999798,3563.073549999899,256,128,35.924040916866176,1677.31787109375,3784.1428571428573,3785.0,8151.0,8151.0,46.144285714285715,53.08,50.714285714285715,51.0,27.071428571428573,30.0,28
RTX_5060_Ti_8GB,Transformers,C:\Users\Marce\Desktop\thor\test_cprofile_in_1060\Qwen3-0.6B,float16,edge_summary_01,cold_after_load,2,1024,16,1698.7110000009125,1268.342000001212,634.171000000606,32,16,25.2297881801355,2058.86865234375,4097.0,4114.0,8151.0,8151.0,62.886,71.71,55.0,60.0,59.6,99.0,5
RTX_5060_Ti_8GB,Transformers,C:\Users\Marce\Desktop\thor\test_cprofile_in_1060\Qwen3-0.6B,float16,edge_summary_01,warm1,2,1024,16,1698.7110000009125,1270.450999998502,635.225499999251,32,16,25.18790571225315,2058.86865234375,4111.2,4114.0,8151.0,8151.0,63.444,69.68,51.6,53.0,24.0,36.0,5
RTX_5060_Ti_8GB,Transformers,C:\Users\Marce\Desktop\thor\test_cprofile_in_1060\Qwen3-0.6B,float16,edge_summary_04,cold_after_load,2,1024,16,1698.7110000009125,1254.102499999135,627.0512499995675,32,16,25.51625564897771,2058.86865234375,4105.2,4107.0,8151.0,8151.0,66.604,69.99,55.6,61.0,62.0,99.0,5
RTX_5060_Ti_8GB,Transformers,C:\Users\Marce\Desktop\thor\test_cprofile_in_1060\Qwen3-0.6B,float16,edge_summary_04,warm1,2,1024,16,1698.7110000009125,1250.9456999996473,625.4728499998237,32,16,25.580646705935376,2058.86865234375,4104.6,4105.0,8151.0,8151.0,68.38,73.58,52.4,54.0,28.0,43.0,5
RTX_5060_Ti_8GB,Transformers,C:\Users\Marce\Desktop\thor\test_cprofile_in_1060\Qwen3-0.6B,float16,edge_summary_08,cold_after_load,2,1024,16,1698.7110000009125,1263.0052999993495,631.5026499996748,32,16,25.33639407531899,2058.86865234375,4104.0,4104.0,8151.0,8151.0,66.8,73.58,55.6,60.0,61.6,99.0,5
RTX_5060_Ti_8GB,Transformers,C:\Users\Marce\Desktop\thor\test_cprofile_in_1060\Qwen3-0.6B,float16,edge_summary_08,warm1,2,1024,16,1698.7110000009125,1265.9711000014795,632.9855500007397,32,16,25.277038314668165,2058.86865234375,4104.0,4104.0,8151.0,8151.0,67.858,69.78,52.8,55.0,26.4,41.0,5
RTX_5060_Ti_8GB,Transformers,C:\Users\Marce\Desktop\thor\test_cprofile_in_1060\Qwen3-0.6B,float16,edge_summary_10,cold_after_load,2,1024,16,1698.7110000009125,1278.4296000008908,639.2148000004454,32,16,25.030709551763902,2058.86865234375,4104.6,4105.0,8151.0,8151.0,64.23,68.29,55.2,59.0,60.8,99.0,5
RTX_5060_Ti_8GB,Transformers,C:\Users\Marce\Desktop\thor\test_cprofile_in_1060\Qwen3-0.6B,float16,edge_summary_10,warm1,2,1024,16,1698.7110000009125,1252.3096999993868,626.1548499996934,32,16,25.552784586764496,2058.86865234375,4104.0,4104.0,8151.0,8151.0,69.824,70.04,53.4,55.0,36.4,38.0,5
RTX_5060_Ti_8GB,Transformers,C:\Users\Marce\Desktop\thor\test_cprofile_in_1060\Qwen3-0.6B,float16,edge_summary_01,cold_after_load,2,1024,64,1698.7110000009125,3810.1865999997244,1905.0932999998622,128,64,33.59415520489449,2058.86865234375,4104.2,4105.0,8151.0,8151.0,59.888,72.71,53.266666666666666,59.0,45.733333333333334,96.0,15
RTX_5060_Ti_8GB,Transformers,C:\Users\Marce\Desktop\thor\test_cprofile_in_1060\Qwen3-0.6B,float16,edge_summary_01,warm1,2,1024,64,1698.7110000009125,3837.1299999998882,1918.5649999999441,128,64,33.3582651617234,2058.86865234375,4104.2,4105.0,8151.0,8151.0,58.522666666666666,70.64,53.666666666666664,60.0,44.86666666666667,76.0,15
RTX_5060_Ti_8GB,Transformers,C:\Users\Marce\Desktop\thor\test_cprofile_in_1060\Qwen3-0.6B,float16,edge_summary_04,cold_after_load,2,1024,64,1698.7110000009125,3850.0574999998207,1925.0287499999104,128,64,33.246256711751954,2058.86865234375,4104.2,4105.0,8151.0,8151.0,58.04600000000001,72.86,52.4,54.0,33.06666666666667,39.0,15
RTX_5060_Ti_8GB,Transformers,C:\Users\Marce\Desktop\thor\test_cprofile_in_1060\Qwen3-0.6B,float16,edge_summary_04,warm1,2,1024,64,1698.7110000009125,3830.0313999989157,1915.0156999994579,128,64,33.42009154286209,2058.86865234375,4104.2,4105.0,8151.0,8151.0,58.49,72.71,53.6,59.0,45.06666666666667,95.0,15
RTX_5060_Ti_8GB,Transformers,C:\Users\Marce\Desktop\thor\test_cprofile_in_1060\Qwen3-0.6B,float16,edge_summary_08,cold_after_load,2,1024,64,1698.7110000009125,3801.7728999984683,1900.8864499992342,128,64,33.66850239793428,2058.86865234375,4106.8,4114.0,8151.0,8151.0,58.318666666666665,70.98,54.13333333333333,62.0,44.53333333333333,91.0,15
RTX_5060_Ti_8GB,Transformers,C:\Users\Marce\Desktop\thor\test_cprofile_in_1060\Qwen3-0.6B,float16,edge_summary_08,warm1,2,1024,64,1698.7110000009125,3859.2057000005298,1929.6028500002649,128,64,33.16744686606947,2058.86865234375,4109.333333333333,4114.0,8151.0,8151.0,58.88666666666667,73.34,53.13333333333333,54.0,37.53333333333333,42.0,15
RTX_5060_Ti_8GB,Transformers,C:\Users\Marce\Desktop\thor\test_cprofile_in_1060\Qwen3-0.6B,float16,edge_summary_10,cold_after_load,2,1024,64,1698.7110000009125,4371.852300000683,2185.9261500003413,128,64,29.27820777476403,2058.86865234375,4109.529411764706,4114.0,8151.0,8151.0,55.888823529411766,70.25,53.35294117647059,59.0,42.529411764705884,99.0,17
RTX_5060_Ti_8GB,Transformers,C:\Users\Marce\Desktop\thor\test_cprofile_in_1060\Qwen3-0.6B,float16,edge_summary_10,warm1,2,1024,64,1698.7110000009125,3755.1998999988427,1877.5999499994214,128,64,34.0860682276966,2058.86865234375,4109.933333333333,4115.0,8151.0,8151.0,58.17666666666666,68.96,54.2,62.0,47.0,99.0,15
RTX_5060_Ti_8GB,Transformers,C:\Users\Marce\Desktop\thor\test_cprofile_in_1060\Qwen3-0.6B,float16,edge_summary_01,cold_after_load,2,1024,128,1698.7110000009125,7338.461100000131,3669.2305500000657,256,128,34.88469810107672,2058.86865234375,4108.0,4108.0,8151.0,8151.0,55.74896551724138,72.18,52.93103448275862,54.0,35.758620689655174,41.0,29
RTX_5060_Ti_8GB,Transformers,C:\Users\Marce\Desktop\thor\test_cprofile_in_1060\Qwen3-0.6B,float16,edge_summary_01,warm1,2,1024,128,1698.7110000009125,7608.206700000665,3804.1033500003323,256,128,33.6478765751695,2058.86865234375,4108.033333333334,4109.0,8151.0,8151.0,56.184333333333335,72.49,53.333333333333336,61.0,40.46666666666667,99.0,30
RTX_5060_Ti_8GB,Transformers,C:\Users\Marce\Desktop\thor\test_cprofile_in_1060\Qwen3-0.6B,float16,edge_summary_04,cold_after_load,2,1024,128,1698.7110000009125,7130.862199999683,3565.4310999998415,256,128,35.90028706486733,2058.86865234375,4108.035714285715,4109.0,8151.0,8151.0,56.78214285714286,72.29,53.0,54.0,38.5,41.0,28
RTX_5060_Ti_8GB,Transformers,C:\Users\Marce\Desktop\thor\test_cprofile_in_1060\Qwen3-0.6B,float16,edge_summary_04,warm1,2,1024,128,1698.7110000009125,7368.144899999606,3684.072449999803,256,128,34.744159279497026,2058.86865234375,4108.0,4108.0,8151.0,8151.0,56.509655172413794,72.38,53.275862068965516,56.0,37.89655172413793,44.0,29
RTX_5060_Ti_8GB,Transformers,C:\Users\Marce\Desktop\thor\test_cprofile_in_1060\Qwen3-0.6B,float16,edge_summary_08,cold_after_load,2,1024,128,1698.7110000009125,7374.991799999407,3687.4958999997034,256,128,34.71190300171189,2058.86865234375,4108.0344827586205,4109.0,8151.0,8151.0,55.9703448275862,71.74,53.03448275862069,54.0,38.44827586206897,44.0,29
RTX_5060_Ti_8GB,Transformers,C:\Users\Marce\Desktop\thor\test_cprofile_in_1060\Qwen3-0.6B,float16,edge_summary_08,warm1,2,1024,128,1698.7110000009125,7400.987299999542,3700.493649999771,256,128,34.58997963690815,2058.86865234375,4108.0344827586205,4109.0,8151.0,8151.0,56.77379310344828,70.86,53.62068965517241,61.0,42.758620689655174,99.0,29
RTX_5060_Ti_8GB,Transformers,C:\Users\Marce\Desktop\thor\test_cprofile_in_1060\Qwen3-0.6B,float16,edge_summary_10,cold_after_load,2,1024,128,1698.7110000009125,7088.441300000341,3544.2206500001703,256,128,36.11513295595574,2058.86865234375,4108.035714285715,4109.0,8151.0,8151.0,56.93892857142857,69.94,53.714285714285715,62.0,43.607142857142854,99.0,28
RTX_5060_Ti_8GB,Transformers,C:\Users\Marce\Desktop\thor\test_cprofile_in_1060\Qwen3-0.6B,float16,edge_summary_10,warm1,2,1024,128,1698.7110000009125,7680.988899999647,3840.4944499998237,256,128,33.329041785233116,2058.86865234375,4108.066666666667,4109.0,8151.0,8151.0,55.901666666666664,74.73,53.666666666666664,61.0,41.233333333333334,99.0,30
